quote_count,name,created,text,user_screen_name,hashtags,retweet_count,tweet_id,reply_count,_id,link_to_count,favorite_count
0,‡§Æ‡§ø‡§•‡•Å‡§® ‡§∏‡•Å‡§¨‡•ã‡§ß ‡§§‡•ç‡§Ø‡§æ‡§ó‡•Ä,2018-12-15 05:26:13,@ashokgehlot51 ‡§ú‡•Ä ‡§ï‡•ã ‡§∞‡§æ‡§ú‡§∏‡•ç‡§•‡§æ‡§® ‡§ï‡§æ ‡§Æ‡•Å‡§ñ‡•ç‡§Ø‡§Æ‡§Ç‡§§‡•ç‡§∞‡•Ä ‡§è‡§µ‡§Ç @SachinPilot ‡§ú‡•Ä ‡§ï‡•ã ‡§â‡§™‡§Æ‡•Å‡§ñ‡•ç‡§Ø‡§Æ‡§Ç‡§§‡•ç‡§∞‡•Ä ‡§¨‡§®‡§æ‡§Ø‡•á ‡§ú‡§æ‡§®‡•á ‡§™‡§∞ ‡§∏‡§Æ‡§∏‡•ç‡§§ ‡§™‡•ç‡§∞‡§¶‡•á‡§∂‡§µ‡§æ‡§∏‡§ø‡§Ø‡•ã‡§Ç‚Ä¶ https://t.co/hQSBIC4dHI,MITHUNTYAG,[],0,1073811442648956928,0,5c14907f71cf940dc1d127cc,"<a href=""http://twitter.com/download/android"" rel=""nofollow"">Twitter for Android</a>",0
0,Neeraj Saini INC,2018-12-15 05:26:14,RT @News18Rajasthan: ‡§§‡•Ä‡§∏‡§∞‡•Ä ‡§¨‡§æ‡§∞ ‡§∞‡§æ‡§ú‡§∏‡•ç‡§•‡§æ‡§® ‡§ï‡•á ‡§Æ‡•Å‡§ñ‡•ç‡§Ø‡§Æ‡§Ç‡§§‡•ç‡§∞‡•Ä ‡§¨‡§®‡§®‡•á ‡§ú‡§æ ‡§∞‡§π‡•á ‡§Ö‡§∂‡•ã‡§ï ‡§ó‡§π‡§≤‡•ã‡§§ ‡§ï‡§æ ‡§è‡§ï ‡§µ‡•Ä‡§°‡§ø‡§Ø‡•ã ‡§∏‡•ã‡§∂‡§≤ ‡§Æ‡•Ä‡§°‡§ø‡§Ø‡§æ ‡§™‡§∞ ‡§µ‡§æ‡§Ø‡§∞‡§≤ ‡§π‡•ã ‡§∞‡§π‡§æ ‡§π‡•à. ‡§á‡§∏‡§Æ‡•á‡§Ç ‡§µ‡§π ‡§ñ‡•Å‡§¶ ‡§ï‡•ã‚Ä¶,NeerajSaini_INC,[],0,1073811450802696192,0,5c14908171cf940dc1d127ce,"<a href=""http://twitter.com/download/android"" rel=""nofollow"">Twitter for Android</a>",0
0,Aslam Raza,2018-12-15 05:26:15,RT @ashokgehlot51: ‡§Æ‡•à‡§Ç ‡§î‡§∞ ‡§Æ‡•á‡§∞‡•á ‡§∏‡§æ‡§•‡•Ä ‡§∏‡§ö‡§ø‡§® ‡§™‡§æ‡§Ø‡§≤‡§ü ‡§ú‡•Ä ‡§î‡§∞ ‡§§‡§Æ‡§æ‡§Æ ‡§ú‡•ã ‡§π‡§Æ‡§æ‡§∞‡•á ‡§Æ‡§Ç‡§§‡•ç‡§∞‡•Ä‡§Æ‡§Ç‡§°‡§≤ ‡§ï‡•á ‡§∏‡§æ‡§•‡•Ä ‡§¨‡§®‡•á‡§Ç‡§ó‡•á ‡§π‡§Æ ‡§∏‡§¨ ‡§Æ‡§ø‡§≤‡§ï‡§∞ ‡§∞‡§æ‡§π‡•Å‡§≤ ‡§ó‡§æ‡§Ç‡§ß‡•Ä ‡§ú‡•Ä ‡§ï‡•Ä ‡§≠‡§æ‡§µ‡§®‡§æ ‡§ï‡•á ‡§Ö‡§®‡•Å‡§∞‡•Ç‡§™‚Ä¶,aslamraza3535,[],0,1073811451200995328,0,5c14908171cf940dc1d127d0,"<a href=""http://twitter.com/download/android"" rel=""nofollow"">Twitter for Android</a>",0
0,Kishan lal Sinwar,2018-12-15 05:26:15,RT @RahulGandhi: The united colours of Rajasthan! https://t.co/D1mjKaaBsa,KSinwar,[],0,1073811451456847872,0,5c14908271cf940dc1d127d2,"<a href=""http://twitter.com/download/android"" rel=""nofollow"">Twitter for Android</a>",0
0,SANKALP NEWS,2018-12-15 05:26:23,"‡§∞‡§æ‡§ú‡§∏‡•ç‡§•‡§æ‡§®: ‡§∏‡§ö‡§ø‡§® ‡§™‡§æ‡§Ø‡§≤‡§ü ‡§∏‡•á ‡§ú‡•ç‡§Ø‡§æ‡§¶‡§æ ‡§ï‡§Æ‡§æ‡§§‡•Ä ‡§π‡•à‡§Ç ‡§™‡§§‡•ç‡§®‡•Ä ‡§∏‡§æ‡§∞‡§æ, ‡§ï‡§∞‡§§‡•Ä ‡§π‡•à‡§Ç ‡§Ø‡•á ‡§ï‡§æ‡§Æ https://t.co/0rov6k73Sz",sankalpnewsin,[],0,1073811485384675330,0,5c14908971cf940dc1d127d4,"<a href=""http://twitter.com"" rel=""nofollow"">Twitter Web Client</a>",0
0,ANUPAM‡§∂‡§∞‡•ç‡§Æ‡§æ ‡§Ö‡§ß‡§ø‡§µ‡§ï‡•ç‡§§‡§æ,2018-12-15 05:26:25,"RT @NaIna0806: This Jain Munni is seething with anger on Virat Hindus, NOTA advocates over the losses in MP, Rajasthan, Chattisgarh Electio‚Ä¶",AnupamSharmaAdv,[],0,1073811493005586432,0,5c14908b71cf940dc1d127d6,"<a href=""http://twitter.com/download/android"" rel=""nofollow"">Twitter for Android</a>",0
0,The Birdhouse,2018-12-15 05:26:25,RT @mjakbar: Someone asked a good question. If experience is essential in Rajasthan and MP why is it not necessary for Congress President j‚Ä¶,birdhouse_the,[],0,1073811493664292864,0,5c14908c71cf940dc1d127d8,"<a href=""http://twitter.com/download/iphone"" rel=""nofollow"">Twitter for iPhone</a>",0
0,Panzer Leader,2018-12-15 05:27:53,Inspector general discovers that Team Mueller scrubbed Strzok and Page text messages during critical post-election‚Ä¶ https://t.co/AiJkBQ0pYV,ArmorCavSpin,[],0,1073811861978546176,0,5c1490e371cf940dc1d127da,"<a href=""http://twitter.com"" rel=""nofollow"">Twitter Web Client</a>",0
0,N E V,2018-12-15 05:27:53,"RT @robreiner: With the blizzard of criminality swirling around Trump, it‚Äôs easy to lose sight of the original sin. And the complete pictur‚Ä¶",NEVmomof3,[],0,1073811862905532416,0,5c1490e371cf940dc1d127dc,"<a href=""http://twitter.com/download/iphone"" rel=""nofollow"">Twitter for iPhone</a>",0
0,#DavaFoxx,2018-12-15 05:27:54,RT @DavaFoxx: Agree! Please explain @FSCArmy @FSCPASS! https://t.co/eBOKLmNWZW,TheDavaFoxx,[],0,1073811868433543168,0,5c1490e571cf940dc1d127de,"<a href=""http://twitter.com/download/iphone"" rel=""nofollow"">Twitter for iPhone</a>",0
0,Proud Hindu,2018-12-15 05:27:54,"@moronhumor Even after a brute majority in LS, @narendramodi or @BJP4India or @AmitShah cannot rein in a 44 seat pa‚Ä¶ https://t.co/9VeUZKxseA",Sam4delhi,[],0,1073811868425314307,0,5c1490e571cf940dc1d127e0,"<a href=""http://twitter.com/download/iphone"" rel=""nofollow"">Twitter for iPhone</a>",0
0,AD,2018-12-15 05:27:54,"RT @KunderVijay: #BharatTrustsModi BJP wins any elctn: Election Commission is Corrupt

Robert Vadra's Case: ED/CBI is corrupt

Surgical str‚Ä¶",followmeabhi,"[{u'indices': [17, 34], u'text': u'BharatTrustsModi'}]",0,1073811869687783425,0,5c1490e571cf940dc1d127e2,"<a href=""http://twitter.com/download/android"" rel=""nofollow"">Twitter for Android</a>",0
0,Dr. No üß†,2018-12-15 05:27:55,"@DevinNunes - Mueller‚Äôs got you on #obstruction, you know that right?",SethN12,"[{u'indices': [35, 47], u'text': u'obstruction'}]",0,1073811870585421824,0,5c1490e571cf940dc1d127e4,"<a href=""http://twitter.com/download/iphone"" rel=""nofollow"">Twitter for iPhone</a>",0
0,Cathie Blanchfield,2018-12-15 05:27:55,"@SeanBradbery It is certainly going to be ugly, and dispiriting. Can‚Äôt wait for the election but dread it too. Hope‚Ä¶ https://t.co/H6O5qDaeI0",lamlash63,[],0,1073811874293010432,0,5c1490e671cf940dc1d127e6,"<a href=""http://twitter.com/download/iphone"" rel=""nofollow"">Twitter for iPhone</a>",0
0,RKR Pillai,2018-12-15 05:27:56,"RT @Suparna_Singh: Thank you for trusting us. For election results, NDTV had by far the most traffic. India counts on NDTV. üòäüòä https://t.co‚Ä¶",rkrpillai,[],0,1073811875224113153,0,5c1490e671cf940dc1d127e8,"<a href=""http://twitter.com/download/android"" rel=""nofollow"">Twitter for Android</a>",0
0,Mia,2018-12-15 05:27:56,RT @MetroManTO: @SethAbramson Hands up for anybody who thinks Walker would have limited his own powers had he won re-election... *crickets*.,MomentswithMia2,[],0,1073811878160318464,0,5c1490e771cf940dc1d127ea,"<a href=""http://twitter.com/download/android"" rel=""nofollow"">Twitter for Android</a>",0
0,Dr. Nnodi Modestine Eze,2018-12-15 05:27:56,@UcheSecondus @officialEFCC @PoliceNG ANY IGBO and ANY CHRISTIAN that will VOTE for APC in 2019 Presidential Election is a SLAVE.,NnodiEze,[],0,1073811878269382656,0,5c1490e771cf940dc1d127ec,"<a href=""http://twitter.com/download/android"" rel=""nofollow"">Twitter for Android</a>",0
0,Pam Bjorlo,2018-12-15 05:27:58,RT @MSignorile: Let's not even go here. Clinton lied about a private sexual matter. Trump lied about directing large sums money to silence‚Ä¶,pjbjorlo,[],0,1073811884367900672,0,5c1490e971cf940dc1d127ee,"<a href=""http://twitter.com/download/android"" rel=""nofollow"">Twitter for Android</a>",0
0,Kris Mydler,2018-12-15 05:28:00,"RT @robreiner: With the blizzard of criminality swirling around Trump, it‚Äôs easy to lose sight of the original sin. And the complete pictur‚Ä¶",KrisMydler,[],0,1073811891611287552,0,5c1490ea71cf940dc1d127f0,"<a href=""https://mobile.twitter.com"" rel=""nofollow"">Twitter Lite</a>",0
0,L.E. Harding,2018-12-15 05:28:00,"RT @keithboykin: The GOP in 2018:
FL: Block campus voting
GA: Purge thousands of voters
KS: Close precincts in Hispanic areas
MI: Strip pow‚Ä¶",gloloh,[],0,1073811893158961152,0,5c1490eb71cf940dc1d127f2,"<a href=""http://twitter.com/download/iphone"" rel=""nofollow"">Twitter for iPhone</a>",0
0,Ellie,2018-12-15 05:28:00,RT @msrose2343: Because Scott Morrison is a Christian extremist who thinks the world is going to end. &amp; it‚Äôs an attempt to save face over h‚Ä¶,elliemail,[],0,1073811894085939200,0,5c1490eb71cf940dc1d127f4,"<a href=""http://twitter.com"" rel=""nofollow"">Twitter Web Client</a>",0
0,Anil,2018-12-15 05:28:00,"2019 election should be faced by the people of India as 2nd freedom struggle. 
We need to have freedom of expressio‚Ä¶ https://t.co/lwYUP0cadd",Anil07196846,[],0,1073811893750456322,0,5c1490eb71cf940dc1d127f6,"<a href=""http://twitter.com/download/android"" rel=""nofollow"">Twitter for Android</a>",0
0,Dan Garland,2018-12-15 05:28:01,"RT @OddsShark: Updated odds to win the 2020 presidential election (@BovadaOfficial):

Trump +150
O'Rourke +1000
Harris +1000
Sanders +1200‚Ä¶",GullyDG,[],0,1073811899144261633,0,5c1490ec71cf940dc1d127f8,"<a href=""http://twitter.com/download/iphone"" rel=""nofollow"">Twitter for iPhone</a>",0
0,The Marmalade Monster,2018-12-15 05:28:02,"RT @drvox: 11. The longer this goes on, the deeper &amp; more structural the damage &amp; the longer it will take to recover. Meanwhile, we still d‚Ä¶",TheBlueDjin,[],0,1073811899974848512,0,5c1490ec71cf940dc1d127fa,"<a href=""http://twitter.com/download/iphone"" rel=""nofollow"">Twitter for iPhone</a>",0
0,Elizabeth Also,2018-12-15 05:28:03,RT @MSignorile: Let's not even go here. Clinton lied about a private sexual matter. Trump lied about directing large sums money to silence‚Ä¶,LiddyReads,[],0,1073811904764801024,0,5c1490ee71cf940dc1d127fc,"<a href=""http://twitter.com/download/iphone"" rel=""nofollow"">Twitter for iPhone</a>",0
0,Cathy Spence,2018-12-15 05:28:03,"RT @JuliaDavisNews: Russian propaganda portrayed Trump‚Äôs election victory as Putin‚Äôs triumph. However, the ‚Äútriumph‚Äù has been short-lived b‚Ä¶",CathySpence3,[],0,1073811907130392578,0,5c1490ee71cf940dc1d127fe,"<a href=""http://twitter.com/download/android"" rel=""nofollow"">Twitter for Android</a>",0
0,Angela Thomas,2018-12-15 05:28:04,"RT @SatPaper: .@SummersAnne: Since the election of Tony Abbott and his decision to rule by slogan, voters increasingly have been asked to v‚Ä¶",angelabysouth,[],0,1073811908694704128,0,5c1490ee71cf940dc1d12800,"<a href=""http://twitter.com/download/android"" rel=""nofollow"">Twitter for Android</a>",0
0,Ree Ahm,2018-12-15 05:28:04,RT @TheQuint: An RTI query had revealed in November that the #ElectionCommission had linked 32crore voter IDs with #Aadhaar in 2015 without‚Ä¶,iamriyaaz,"[{u'indices': [61, 80], u'text': u'ElectionCommission'}, {u'indices': [115, 123], u'text': u'Aadhaar'}]",0,1073811909298728961,0,5c1490ef71cf940dc1d12802,"<a href=""http://twitter.com/download/android"" rel=""nofollow"">Twitter for Android</a>",0
0,Mark Schmalz üá®üá¶,2018-12-15 05:28:04,"RT @PierrePoilievre: It is a massive problem for everyone, John. But when PBO so much as sneezed at Harper, we'd have a week of front page‚Ä¶",mark_schmalz,[],0,1073811909390913537,0,5c1490ef71cf940dc1d12804,"<a href=""http://twitter.com/download/android"" rel=""nofollow"">Twitter for Android</a>",0
0,‡§ï‡§æ‡§∞‡•ç‡§§‡§ø‡§ï K,2018-12-15 06:14:22,RT @KanchanGupta: Yogi had a 69% strike rate: 74 rallies in #AssemblyElections2018 with 51 wins for BJP. Strike rate would be higher if you‚Ä¶,karthiktvm1990,"[{u'indices': [60, 82], u'text': u'AssemblyElections2018'}]",0,1073823561880461312,0,5c149bc971cf94109341f252,"<a href=""http://twitter.com/download/android"" rel=""nofollow"">Twitter for Android</a>",0
0,mukul üáÆüá≥,2018-12-15 06:14:23,"Dear @narendramodi ji, ek aur theekra aapke sar par phutne waala hai",MukulAgarwal66,[],0,1073823564611051520,0,5c149bc971cf94109341f254,"<a href=""https://about.twitter.com/products/tweetdeck"" rel=""nofollow"">TweetDeck</a>",0
0,BOBY BHAGAT,2018-12-15 06:14:24,RT @ashokgehlot51: ‡§Æ‡•à‡§Ç ‡§î‡§∞ ‡§Æ‡•á‡§∞‡•á ‡§∏‡§æ‡§•‡•Ä ‡§∏‡§ö‡§ø‡§® ‡§™‡§æ‡§Ø‡§≤‡§ü ‡§ú‡•Ä ‡§î‡§∞ ‡§§‡§Æ‡§æ‡§Æ ‡§ú‡•ã ‡§π‡§Æ‡§æ‡§∞‡•á ‡§Æ‡§Ç‡§§‡•ç‡§∞‡•Ä‡§Æ‡§Ç‡§°‡§≤ ‡§ï‡•á ‡§∏‡§æ‡§•‡•Ä ‡§¨‡§®‡•á‡§Ç‡§ó‡•á ‡§π‡§Æ ‡§∏‡§¨ ‡§Æ‡§ø‡§≤‡§ï‡§∞ ‡§∞‡§æ‡§π‡•Å‡§≤ ‡§ó‡§æ‡§Ç‡§ß‡•Ä ‡§ú‡•Ä ‡§ï‡•Ä ‡§≠‡§æ‡§µ‡§®‡§æ ‡§ï‡•á ‡§Ö‡§®‡•Å‡§∞‡•Ç‡§™‚Ä¶,BhagatBoby,[],0,1073823571376553985,0,5c149bcb71cf94109341f256,"<a href=""http://twitter.com/download/android"" rel=""nofollow"">Twitter for Android</a>",0
0,Sunidhi Thapa,2018-12-15 06:14:24,"Gehlot to be Rajasthan CM, Pilot Deputy CM; Kamal Nath to take oath as MP CM on Monday https://t.co/PjYxakKLMH",sunidhithapa1,[],0,1073823572341260288,0,5c149bcb71cf94109341f258,"<a href=""http://twitter.com"" rel=""nofollow"">Twitter Web Client</a>",0
0,jafar ali,2018-12-15 06:14:25,RT @VinayKu90781580: ‡§∏‡§ö‡§ø‡§® ‡§™‡§æ‡§Ø‡§≤‡§ü: 26 ‡§∏‡§æ‡§≤ ‡§ï‡•Ä ‡§â‡§Æ‡•ç‡§∞ ‡§Æ‡•á‡§Ç ‡§ß‡§Æ‡§æ‡§ï‡•á‡§¶‡§æ‡§∞ ‡§Ö‡§Ç‡§¶‡§æ‡§ú ‡§Æ‡•á‡§Ç ‡§™‡§π‡•Å‡§Ç‡§ö‡•á ‡§•‡•á ‡§∏‡§Ç‡§∏‡§¶ https://t.co/6HTq988ulg,jafarali333,[],0,1073823575201595392,0,5c149bcc71cf94109341f25a,"<a href=""http://twitter.com/download/android"" rel=""nofollow"">Twitter for Android</a>",0
0,omer khan,2018-12-15 06:14:27,RT @RahulGandhi: The united colours of Rajasthan! https://t.co/D1mjKaaBsa,Umark3769Umar,[],0,1073823582646661120,0,5c149bce71cf94109341f25c,"<a href=""http://twitter.com/download/android"" rel=""nofollow"">Twitter for Android</a>",0
0,Baba Ajmer Wale,2018-12-15 06:14:27,https://t.co/P4lXXaESkv,allworldno1,[],0,1073823582986403840,0,5c149bce71cf94109341f25e,"<a href=""http://twitter.com"" rel=""nofollow"">Twitter Web Client</a>",0
0,Ravi Naid Gorle,2018-12-15 06:14:27,RT @MahapatPravat: First he (Rahul) put the Congress back in the business of winning election; then he displayed the delicate art of the de‚Ä¶,NaidGorle,[],0,1073823583565176832,0,5c149bce71cf94109341f260,"<a href=""http://twitter.com/download/android"" rel=""nofollow"">Twitter for Android</a>",0
0,mohan das,2018-12-15 06:14:27,"RT @Remesh_Hind: #420MEDIA like @asianetnewstv @manoramanews @mathrubhumi will not report this Dalit attack ,since it's a propganda they un‚Ä¶",mohandastg,"[{u'indices': [17, 26], u'text': u'420MEDIA'}]",0,1073823584177524736,0,5c149bcf71cf94109341f262,"<a href=""http://twitter.com/download/android"" rel=""nofollow"">Twitter for Android</a>",0
0,Bollywood dum,2018-12-15 06:14:29,"BREAKING NEWS : in Rajasthan KGF vs ZERO ‡§ï‡§ø‡§∏‡§ï‡•ã ‡§Æ‡§ø‡§≤‡§æ ‡§ï‡§ø‡§§‡§®‡•á SHOWS ..

Full report - https://t.co/ARTT5iqZKs

#Zero‚Ä¶ https://t.co/WKIJlw0NYN",BollywoodDum,"[{u'indices': [107, 112], u'text': u'Zero'}]",0,1073823589579730944,0,5c149bcf71cf94109341f264,"<a href=""http://twitter.com/download/android"" rel=""nofollow"">Twitter for Android</a>",0
0,somen mukherji,2018-12-15 06:14:29,RT @SomuAcme: #Magic of #ModiSarkar #MakeInIndia Initiative - Domestically Manufactured #Train18 manufactured running @ 180 kmph during spe‚Ä¶,SomuAcme,"[{u'indices': [14, 20], u'text': u'Magic'}, {u'indices': [24, 35], u'text': u'ModiSarkar'}, {u'indices': [36, 48], u'text': u'MakeInIndia'}, {u'indices': [88, 96], u'text': u'Train18'}]",0,1073823593228890113,0,5c149bd071cf94109341f266,"<a href=""http://twitter.com/download/android"" rel=""nofollow"">Twitter for Android</a>",0
0,Prem Jain,2018-12-15 06:14:37,RT @KanchanGupta: Yogi had a 69% strike rate: 74 rallies in #AssemblyElections2018 with 51 wins for BJP. Strike rate would be higher if you‚Ä¶,PREMCJAIN,"[{u'indices': [60, 82], u'text': u'AssemblyElections2018'}]",0,1073823626619699200,0,5c149bd871cf94109341f268,"<a href=""http://twitter.com"" rel=""nofollow"">Twitter Web Client</a>",0
0,Swapnil,2018-12-15 06:14:38,RT @TimesNow: Shocker from Rajasthan: a group of local goons attack a Dalit marriage procession in Alwar. More details by Arvind https://t.‚Ä¶,swapn_7,[],0,1073823627005415424,0,5c149bd871cf94109341f26a,"<a href=""http://twitter.com/download/android"" rel=""nofollow"">Twitter for Android</a>",0
0,aakashshaw352@gmail,2018-12-15 06:14:38,"RT @saha_shammi: Has #BJP lost its core #agenda and #voters? 
https://t.co/Ebm7KkVylQ
.
.
#politics #follow #real #election #story #result‚Ä¶",aakashshaw12,"[{u'indices': [21, 25], u'text': u'BJP'}, {u'indices': [40, 47], u'text': u'agenda'}, {u'indices': [52, 59], u'text': u'voters'}, {u'indices': [90, 99], u'text': u'politics'}, {u'indices': [100, 107], u'text': u'follow'}, {u'indices': [108, 113], u'text': u'real'}, {u'indices': [114, 123], u'text': u'election'}, {u'indices': [124, 130], u'text': u'story'}, {u'indices': [131, 138], u'text': u'result'}]",0,1073823628850909184,0,5c149bd971cf94109341f26c,"<a href=""http://twitter.com"" rel=""nofollow"">Twitter Web Client</a>",0
0,Naxal Arnab,2018-12-15 06:14:39,"RT @KoomarShah: Lok Sabha Seat loses for BJP as of today

Rajasthan-12
MP-13
Chhatisgarh-10
Gujarat-12
Karnataka-13
Maharashtra-20

Total 8‚Ä¶",Bh0gi,[],0,1073823631317393408,0,5c149bd971cf94109341f26e,"<a href=""http://twitter.com/download/android"" rel=""nofollow"">Twitter for Android</a>",0
0,Sushma Kiran INC,2018-12-15 06:14:39,RT @ashokgehlot51: ‡§Æ‡•à‡§Ç ‡§î‡§∞ ‡§Æ‡•á‡§∞‡•á ‡§∏‡§æ‡§•‡•Ä ‡§∏‡§ö‡§ø‡§® ‡§™‡§æ‡§Ø‡§≤‡§ü ‡§ú‡•Ä ‡§î‡§∞ ‡§§‡§Æ‡§æ‡§Æ ‡§ú‡•ã ‡§π‡§Æ‡§æ‡§∞‡•á ‡§Æ‡§Ç‡§§‡•ç‡§∞‡•Ä‡§Æ‡§Ç‡§°‡§≤ ‡§ï‡•á ‡§∏‡§æ‡§•‡•Ä ‡§¨‡§®‡•á‡§Ç‡§ó‡•á ‡§π‡§Æ ‡§∏‡§¨ ‡§Æ‡§ø‡§≤‡§ï‡§∞ ‡§∞‡§æ‡§π‡•Å‡§≤ ‡§ó‡§æ‡§Ç‡§ß‡•Ä ‡§ú‡•Ä ‡§ï‡•Ä ‡§≠‡§æ‡§µ‡§®‡§æ ‡§ï‡•á ‡§Ö‡§®‡•Å‡§∞‡•Ç‡§™‚Ä¶,kiran3_sushma,[],0,1073823631887630336,0,5c149bda71cf94109341f270,"<a href=""http://twitter.com/download/iphone"" rel=""nofollow"">Twitter for iPhone</a>",0
0,‡§ï‡§ø‡§∏‡§æ‡§® ‡§™‡•Å‡§§‡•ç‡§∞ ‡§∞‡§æ‡§ú‡•á‡§∂ ‡§ö‡•å‡§π‡§æ‡§®,2018-12-15 06:14:39,RT @KanchanGupta: Yogi had a 69% strike rate: 74 rallies in #AssemblyElections2018 with 51 wins for BJP. Strike rate would be higher if you‚Ä¶,rajeshanjuu,"[{u'indices': [60, 82], u'text': u'AssemblyElections2018'}]",0,1073823633103966208,0,5c149bda71cf94109341f272,"<a href=""http://twitter.com/download/android"" rel=""nofollow"">Twitter for Android</a>",0
0,Rakesh.singh,2018-12-15 06:14:40,RT @PramukhSunil: ‡§°‡§¨‡§≤ ‡§°‡•á‡§ï‡§∞ ‡§∞‡§æ‡§ú‡§∏‡•ç‡§•‡§æ‡§® ‡§è‡§ï‡•ç‡§∏‡§™‡•ç‡§∞‡•á‡§∏  ?? https://t.co/K9htaD9BZJ,Rakeshs88394140,[],0,1073823638493773824,0,5c149bdb71cf94109341f274,"<a href=""https://mobile.twitter.com"" rel=""nofollow"">Twitter Lite</a>",0
0,Krishnakumar Raman üáÆüá≥,2018-12-15 06:14:41,RT @mjakbar: Someone asked a good question. If experience is essential in Rajasthan and MP why is it not necessary for Congress President j‚Ä¶,Krishna_720611,[],0,1073823641995890688,0,5c149bdc71cf94109341f276,"<a href=""http://twitter.com/download/iphone"" rel=""nofollow"">Twitter for iPhone</a>",0
0,Vallabh Rai,2018-12-15 06:14:42,RT @MinhazMerchant: So @RahulGandhi reportedly picks Ashok Gehlot over @SachinPilot as CM of Rajasthan. Sonia said to have favoured the wil‚Ä¶,RaiVallabh,[],0,1073823646492254209,0,5c149bdd71cf94109341f278,"<a href=""https://mobile.twitter.com"" rel=""nofollow"">Twitter Lite</a>",0
0,Sunidhi Thapa,2018-12-15 06:14:42,"Gehlot to be Rajasthan CM, Pilot Deputy CM; Kamal Nath to take oath as MP CM on Monday https://t.co/5Scp8D2Dtm",sunidhithapa1,[],0,1073823647322787841,0,5c149bdd71cf94109341f27a,"<a href=""http://twitter.com"" rel=""nofollow"">Twitter Web Client</a>",0
0,Dr.R.Tripathi.BJPüôèüö©üå∑,2018-12-15 06:14:43,"RT @KeshavKarn11: ‡§®‡§§‡•Ä‡§ú‡•ã‡§Ç ‡§∏‡•á ‡§è‡§ï ‡§¶‡§ø‡§® ‡§™‡§π‡§≤‡•á ‡§∞‡§æ‡§ú‡§∏‡•ç‡§•‡§æ‡§®,MP ‡§î‡§∞ ‡§õ‡§ó ‡§Æ‡•á‡§Ç ‡§ï‡§æ‡§Ç‡§ó‡•ç‡§∞‡•á‡§∏ ‡§ï‡•ã ‡§ö‡•å‡§Ç‡§ï‡§æ ‡§∏‡§ï‡§§‡•Ä ‡§π‡•à Google ‡§ï‡•Ä ‡§∞‡§ø‡§Ø‡§≤ ‡§ü‡§æ‡§á‡§Æ ‡§∞‡§ø‡§™‡•ã‡§∞‡•ç‡§ü‚Ä¶‡§Ø‡§π ‡§ü‡•ç‡§∞‡•á‡§Ç‡§° ‡§ï‡•ã‡§à ‡§è‡§ó‡•ç‡§ú‡§ø‡§ü ‡§™‡•ã‚Ä¶",RakeshT73827202,[],0,1073823648237010944,0,5c149bdd71cf94109341f27c,"<a href=""http://twitter.com/download/android"" rel=""nofollow"">Twitter for Android</a>",0
0,‡§Ö‡§ó‡§∏‡•ç‡§§‡•ç‡§Ø,2018-12-15 06:17:06,RT @mjakbar: Someone asked a good question. If experience is essential in Rajasthan and MP why is it not necessary for Congress President j‚Ä¶,deepeed1,[],0,1073824251520667648,0,5c149c6d71cf94109341f27e,"<a href=""http://twitter.com/download/android"" rel=""nofollow"">Twitter for Android</a>",0
0,Sameer Maheshwari,2018-12-15 06:17:07,RT @mjakbar: Someone asked a good question. If experience is essential in Rajasthan and MP why is it not necessary for Congress President j‚Ä¶,SameerM61662168,[],0,1073824253298921472,0,5c149c6d71cf94109341f280,"<a href=""http://twitter.com/download/android"" rel=""nofollow"">Twitter for Android</a>",0
0,‡§†‡§æ‡§Å‡§Ø ‡§†‡§æ‡§Å‡§Ø ‡§™‡§ø‡§®‡•ç‡§ï‡•Ç,2018-12-15 06:17:08,RT @KanchanGupta: Yogi had a 69% strike rate: 74 rallies in #AssemblyElections2018 with 51 wins for BJP. Strike rate would be higher if you‚Ä¶,ashwani9,"[{u'indices': [60, 82], u'text': u'AssemblyElections2018'}]",0,1073824259481448449,0,5c149c6f71cf94109341f282,"<a href=""http://twitter.com/download/android"" rel=""nofollow"">Twitter for Android</a>",0
0,Revler ‚ò™ üá≤üáæ üáÆüá≥,2018-12-15 06:39:13,"Jain Muni spewing communal hatred venom against Muslims

As recent elections took place
Pl Share‚Ä¶ https://t.co/KMGyOlpX3Y",Revler411,[],0,1073829815688486913,0,5c14a19d71cf94121cbd126f,"<a href=""http://twitter.com/download/android"" rel=""nofollow"">Twitter for Android</a>",0
0,Shravan Mansanpally üáÆüá≥,2018-12-15 06:39:14,"RT @Satyanewshi: Will Rahul Gandhi be held responsible for this dalit attack now in Rajasthan, as they used to do with PM MODI ? https://t.‚Ä¶",MShravank,[],0,1073829821682237442,0,5c14a19d71cf94121cbd1271,"<a href=""http://twitter.com/download/iphone"" rel=""nofollow"">Twitter for iPhone</a>",0
0,Dineshkumarbohra,2018-12-15 06:39:16,"RT @1stIndiaNews: #Jodhpur #Rajasthan : 27 ‡§∏‡§æ‡§≤ ‡§™‡•Ç‡§∞‡•ç‡§µ ‡§ï‡•Ä ‡§•‡•Ä @ashokgehlot51 ‡§®‡•á ‡§∏‡•ç‡§•‡§æ‡§™‡§®‡§æ, ‡§¨‡§® ‡§∞‡§π‡§æ ‡§Ø‡•Å‡§µ‡§æ‡§ì‡§Ç ‡§ï‡§æ ‡§≠‡§µ‡§ø‡§∑‡•ç‡§Ø ‡§∏‡•Å‡§®‡§π‡§∞‡§æ https://t.co/ulia8IMBCy",Dineshk05038656,"[{u'indices': [18, 26], u'text': u'Jodhpur'}, {u'indices': [27, 37], u'text': u'Rajasthan'}]",0,1073829827038171136,0,5c14a19e71cf94121cbd1273,"<a href=""http://twitter.com/download/android"" rel=""nofollow"">Twitter for Android</a>",0
0,Karmanye Vadhikarste,2018-12-15 06:39:30,RT @RahulGandhi: The united colours of Rajasthan! https://t.co/D1mjKaaBsa,gyansr,[],0,1073829888883376128,0,5c14a1ad71cf941228031ee7,"<a href=""http://twitter.com"" rel=""nofollow"">Twitter Web Client</a>",0
0,Lalit Prakash,2018-12-15 06:39:33,RT @AshokTanwar_INC: Many Congratulations to @ashokgehlot51 Ji for being elected as the Chief Minister of #Rajasthan &amp; also congratulations‚Ä¶,Lalit63469099,"[{u'indices': [106, 116], u'text': u'Rajasthan'}]",0,1073829899884912641,0,5c14a1b071cf941228031ee9,"<a href=""http://twitter.com/download/android"" rel=""nofollow"">Twitter for Android</a>",0
0,First India News Rajasthan,2018-12-15 06:39:33,#Jodhpur #Rajasthan : ‡§ú‡•ã‡§ß‡§™‡•Å‡§∞ ‡§∏‡•á‡§Ç‡§ü‡•ç‡§∞‡§≤ ‡§ú‡•á‡§≤ ‡§Æ‡•á‡§Ç ‡§¨‡§Ç‡§¶ ‡§ï‡•à‡§¶‡•Ä ‡§ï‡•Ä ‡§Æ‡•å‡§§ https://t.co/vK2I4Ui3oN,1stIndiaNews,"[{u'indices': [0, 8], u'text': u'Jodhpur'}, {u'indices': [9, 19], u'text': u'Rajasthan'}]",0,1073829901420105733,0,5c14a1b071cf941228031eeb,"<a href=""http://twitter.com"" rel=""nofollow"">Twitter Web Client</a>",0
0,Yash,2018-12-15 06:57:56,"RT @nsui: Congratulations to Shri @ashokgehlot51, the elected CM of Rajasthan. A man of the people, he will work tirelessly for their prosp‚Ä¶",puriyash41,[],0,1073834527867445248,0,5c14a5ff71cf9413b6092f11,"<a href=""http://twitter.com/download/android"" rel=""nofollow"">Twitter for Android</a>",0
0,Pukhraj Nain,2018-12-15 06:57:57,Are bhai Jab Rajasthan Ki Sarkar Gurjar Neta Sachin Ji Saath chali gai... Toh kahe Chinta karte ho,nain_pukhraj,[],0,1073834531763904513,0,5c14a60071cf9413b6092f13,"<a href=""http://twitter.com/download/android"" rel=""nofollow"">Twitter for Android</a>",0
0,JiDeSh,2018-12-15 06:58:39,RT @nanditathhakur: ‡§∂‡§Ç‡§ï‡§∞ ‡§∏‡§ø‡§Ç‡§π ‡§µ‡§æ‡§ò‡•á‡§≤‡§æ ‡§ú‡•Ä ‡§®‡•á ‡§è‡§ï ‡§¨‡§æ‡§∞ ‡§ï‡§π‡§æ ‡§•‡§æ '‡§Ö‡§π‡§Æ‡§¶ ‡§™‡§ü‡•á‡§≤ ‡§µ‡•ã ‡§π‡•à ‡§ú‡•ã 15 ‡§∞‡§æ‡§ú‡•ç‡§Ø‡•ã‡§Ç ‡§ï‡•á ‡§Æ‡•Å‡§ñ‡•ç‡§Ø‡§Æ‡§Ç‡§§‡•ç‡§∞‡•Ä ‡§§‡§Ø ‡§ï‡§∞‡§§‡•á ‡§π‡•à' ‡§≤‡§ó‡§§‡§æ ‡§π‡•à ‡§Ü‡§ú ‡§ï‡§æ‡§Ç‡§ó‡•ç‡§∞‡•á‡§∏ ‡§Æ‡•á‡§Ç‚Ä¶,JDsharma85,[],0,1073834704879538176,0,5c14a62971cf9413c95a6d77,"<a href=""http://twitter.com/download/android"" rel=""nofollow"">Twitter for Android</a>",0
0,Dippy,2018-12-15 07:11:24,RT @virsanghvi: I know. Especially after Modiji won those landslide victories in Rajasthan MP and Chhatisgarh.... https://t.co/6idelRgiLH,Dippy_Chen,[],0,1073837916156129282,0,5c14a92771cf9414f3c85a5c,"<a href=""http://twitter.com/download/iphone"" rel=""nofollow"">Twitter for iPhone</a>",0
0,ModiFor2019,2018-12-15 07:11:27,RT @KanchanGupta: Yogi had a 69% strike rate: 74 rallies in #AssemblyElections2018 with 51 wins for BJP. Strike rate would be higher if you‚Ä¶,visionbjp2019,"[{u'indices': [60, 82], u'text': u'AssemblyElections2018'}]",0,1073837927468281856,0,5c14a92a71cf9414f3c85a5e,"<a href=""https://mobile.twitter.com"" rel=""nofollow"">Twitter Lite</a>",0
0,‡§î‡§ò‡§°‡§º ‡§¨‡§æ‡§¨‡§æ üóΩ,2018-12-15 07:11:30,RT @ashokgehlot51: Thank you @INCIndia for your goodwishes. https://t.co/BM2J7zF0XU,BBC_WorId,[],0,1073837939006816256,0,5c14a92c71cf9414f3c85a60,"<a href=""http://twitter.com/download/iphone"" rel=""nofollow"">Twitter for iPhone</a>",0
0,Gopal Prasad,2018-12-15 07:11:30,"RT @The_ManishSood: We are proud that our Congress leader @SachinPilot, who has been appointed as deputy chief¬†minister of Rajasthan is als‚Ä¶",GopalPrsad30,[],0,1073837938952298496,0,5c14a92c71cf9414f3c85a62,"<a href=""http://twitter.com/download/android"" rel=""nofollow"">Twitter for Android</a>",0
0,Khabarpatri,2018-12-15 07:16:34,"‡™≤‡™æ‡™Ç‡™¨‡´Ä ‡™Æ‡™°‡™æ‡™ó‡™æ‡™Ç‡™†‡™®‡´ã ‡™Ö‡™Ç‡™§ : ‡™ó‡´á‡™π‡™≤‡´ã‡™§ ‡™∞‡™æ‡™ú‡™∏‡´ç‡™•‡™æ‡™®‡™®‡™æ ‡™Æ‡´Å‡™ñ‡´ç‡™Ø‡™Æ‡™Ç‡™§‡´ç‡™∞‡´Ä ‡™§‡™∞‡´Ä‡™ï‡´á ‡™π‡™∂‡´á

#Election #Ashokgehlot #rajasthan #CM https://t.co/gYPGmw8y67",khabarpatri,"[{u'indices': [63, 72], u'text': u'Election'}, {u'indices': [73, 85], u'text': u'Ashokgehlot'}, {u'indices': [86, 96], u'text': u'rajasthan'}, {u'indices': [97, 100], u'text': u'CM'}]",0,1073839217107718144,0,5c14aa5d71cf9415265437e6,"<a href=""http://www.facebook.com/twitter"" rel=""nofollow"">Facebook</a>",0
0,Bihari Lal Gurjar,2018-12-15 07:16:35,RT @ashokgehlot51: Thank you @IYCPunjab for your goodwishes. https://t.co/KcGD6bVRQY,gurjar_bihari,[],0,1073839218374381568,0,5c14aa5d71cf9415265437e8,"<a href=""http://twitter.com/download/android"" rel=""nofollow"">Twitter for Android</a>",0
0,Afzal Khan,2018-12-15 07:16:37,RT @ashokgehlot51: Thank you @IYCPunjab for your goodwishes. https://t.co/KcGD6bVRQY,e712a6afe7ad478,[],0,1073839229640327169,0,5c14aa6071cf9415265437ea,"<a href=""http://twitter.com/download/android"" rel=""nofollow"">Twitter for Android</a>",0
0,Raja Khan,2018-12-15 07:23:29,RT @ashokgehlot51: Thank you @AmitChavdaINC ji for your goodwishes. https://t.co/aL1mcCecuQ,RajaKha18423263,[],0,1073840956103770112,0,5c14abfc71cf94156cfa624b,"<a href=""http://twitter.com/download/android"" rel=""nofollow"">Twitter for Android</a>",0
0,‡¶Ö‡¶¨‡¶æ‡¶®,2018-12-15 07:23:30,RT @KanchanGupta: Yogi had a 69% strike rate: 74 rallies in #AssemblyElections2018 with 51 wins for BJP. Strike rate would be higher if you‚Ä¶,Aban__Ind,"[{u'indices': [60, 82], u'text': u'AssemblyElections2018'}]",0,1073840958356127749,0,5c14abfc71cf94156cfa624d,"<a href=""http://twitter.com/download/android"" rel=""nofollow"">Twitter for Android</a>",0
0,Ashish kashyap,2018-12-15 07:23:30,"RT @sir_jenishpatel: üò≤üò±üò•üòü

‡§∏‡§ö‡§ø‡§® ‡§™‡§æ‡§Ø‡§≤‡§ü ‡§ï‡•ã ‡§Æ‡•Å‡§ñ‡•ç‡§Ø‡§Æ‡§Ç‡§§‡•ç‡§∞‡•Ä ‡§®‡§π‡•Ä ‡§¨‡§®‡§æ‡§Ø‡§æ ‡§§‡•ã ‡§∞‡§æ‡§π‡•Å‡§≤ ‡§ï‡•ã ‡§ú‡§æ‡§® ‡§∏‡•á ‡§Æ‡§æ‡§∞‡§®‡•á ‡§ï‡•Ä ‡§ñ‡•Å‡§≤‡•Ä ‡§ß‡§Æ‡§ï‡•Ä ‡§ï‡§∞‡•ã‡§≤‡•Ä ‡§ï‡•á ‡§≠‡§æ‡§à ‡§∏‡§æ‡§π‡§¨ ‡§ï‡•Ä ‡§§‡§∞‡§´ ‡§∏‡•á..
.
.

‡§Ö‡§¨‚Ä¶",JHA_7771,[],0,1073840960092626946,0,5c14abfd71cf94156cfa624f,"<a href=""http://twitter.com/download/android"" rel=""nofollow"">Twitter for Android</a>",0
0,SalluAlvi,2018-12-15 07:23:30,RT @KanchanGupta: Yogi had a 69% strike rate: 74 rallies in #AssemblyElections2018 with 51 wins for BJP. Strike rate would be higher if you‚Ä¶,AlviSallu,"[{u'indices': [60, 82], u'text': u'AssemblyElections2018'}]",0,1073840961309036544,0,5c14abfd71cf94156cfa6251,"<a href=""https://mobile.twitter.com"" rel=""nofollow"">Twitter Lite</a>",0
0,Prithvi,2018-12-15 07:23:31,RT @mjakbar: Someone asked a good question. If experience is essential in Rajasthan and MP why is it not necessary for Congress President j‚Ä¶,prithvinamo,[],0,1073840963322298371,0,5c14abfd71cf94156cfa6253,"<a href=""http://twitter.com/download/android"" rel=""nofollow"">Twitter for Android</a>",0
0,SufyAN Baadshah‚úå,2018-12-15 07:23:32,RT @ashokgehlot51: Thank you @AmitChavdaINC ji for your goodwishes. https://t.co/aL1mcCecuQ,BaadshahSufyan,[],0,1073840966455373824,0,5c14abfe71cf94156cfa6255,"<a href=""http://twitter.com/download/android"" rel=""nofollow"">Twitter for Android</a>",0
0,Harsh Tak,2018-12-15 07:23:32,RT @ashokgehlot51: Thank you @sushmitadevmp ji for your goodwishes. https://t.co/Oi7PHs4ocB,HarshTak14,[],0,1073840966602092544,0,5c14abfe71cf94156cfa6257,"<a href=""http://twitter.com/download/android"" rel=""nofollow"">Twitter for Android</a>",0
0,Balwantsinghbhati,2018-12-15 07:23:34,RT @ashokgehlot51: Thank you @INCIndia for your goodwishes. https://t.co/BM2J7zF0XU,BSBHATIOFFICIAL,[],0,1073840975590567936,0,5c14ac0071cf94156cfa6259,"<a href=""http://twitter.com/download/iphone"" rel=""nofollow"">Twitter for iPhone</a>",0
0,@Nayyar_Gaur,2018-12-15 07:23:35,RT @ashokgehlot51: Thank you @AmitChavdaINC ji for your goodwishes. https://t.co/aL1mcCecuQ,nayyar76,[],0,1073840981185679360,0,5c14ac0271cf94156cfa625b,"<a href=""http://twitter.com/download/android"" rel=""nofollow"">Twitter for Android</a>",0
0,üïâÔ∏è Giri üáÆüá≥,2018-12-15 07:23:35,"RT @NaIna0806: This Jain Munni is seething with anger on Virat Hindus, NOTA advocates over the losses in MP, Rajasthan, Chattisgarh Electio‚Ä¶",SirGiridhar,[],0,1073840981810700288,0,5c14ac0271cf94156cfa625d,"<a href=""http://twitter.com/download/android"" rel=""nofollow"">Twitter for Android</a>",0
0,SufyAN Baadshah‚úå,2018-12-15 07:23:35,RT @AmitChavdaINC: Congratulations &amp; Best wishes to @ashokgehlot51 ji and @SachinPilot ji as they embark on their journey to take Rajasthan‚Ä¶,BaadshahSufyan,[],0,1073840982783737857,0,5c14ac0271cf94156cfa625f,"<a href=""http://twitter.com/download/android"" rel=""nofollow"">Twitter for Android</a>",0
0,Hemendra Malviya INC,2018-12-15 07:23:36,RT @ashokgehlot51: Thank you @INCIndia for your goodwishes. https://t.co/BM2J7zF0XU,MalviyaHemendra,[],0,1073840983253479426,0,5c14ac0271cf94156cfa6261,"<a href=""http://twitter.com/download/android"" rel=""nofollow"">Twitter for Android</a>",0
0,Madhavan,2018-12-15 07:23:37,RT @KanchanGupta: Yogi had a 69% strike rate: 74 rallies in #AssemblyElections2018 with 51 wins for BJP. Strike rate would be higher if you‚Ä¶,mnchalat,"[{u'indices': [60, 82], u'text': u'AssemblyElections2018'}]",0,1073840990174076929,0,5c14ac0371cf94156cfa6263,"<a href=""http://twitter.com/download/android"" rel=""nofollow"">Twitter for Android</a>",0
0,‚Ä¢,2018-12-15 07:25:08,RT @RahulGandhi: The united colours of Rajasthan! https://t.co/D1mjKaaBsa,aamirspk2,[],0,1073841369217622021,0,5c14ac5e71cf941584d62ebc,"<a href=""http://twitter.com/download/iphone"" rel=""nofollow"">Twitter for iPhone</a>",0
0,Vinod Kumar Dixit,2018-12-15 07:25:08,RT @RahulGandhi: The united colours of Rajasthan! https://t.co/D1mjKaaBsa,VinodKumarDix10,[],0,1073841370480152576,0,5c14ac5e71cf941584d62ebe,"<a href=""http://twitter.com/download/android"" rel=""nofollow"">Twitter for Android</a>",0
0,Sanny,2018-12-15 07:25:15,RT @mjakbar: Someone asked a good question. If experience is essential in Rajasthan and MP why is it not necessary for Congress President j‚Ä¶,sanny2023,[],0,1073841402268827653,0,5c14ac6671cf941584d62ec0,"<a href=""http://twitter.com/download/android"" rel=""nofollow"">Twitter for Android</a>",0
0,Pride Motors,2018-12-15 07:25:16,"RT @khaleejtimes: #Congress picks #Gehlot as #Rajasthan CM, Pilot to be his deputy. The question of leadership is understood to have been s‚Ä¶",MotorsPride,"[{u'indices': [18, 27], u'text': u'Congress'}, {u'indices': [34, 41], u'text': u'Gehlot'}, {u'indices': [45, 55], u'text': u'Rajasthan'}]",0,1073841406123364352,0,5c14ac6771cf941584d62ec2,"<a href=""http://twitter.com"" rel=""nofollow"">Twitter Web Client</a>",0
0,Devesh Bhalla,2018-12-15 07:26:52,India's first cow minister Otaram Dewasi loses Sirohi seat in Rajasthan https://t.co/4qL7VXyt5H,deveshbhalla03,[],0,1073841805152657408,0,5c14acc671cf94159b02ce41,"<a href=""http://twibble.io"" rel=""nofollow"">Twibble.io</a>",0
0,Prahalad Soni,2018-12-15 07:26:52,Ab technical helper ki bumper vecency nikalo sir g,Prahala25772741,[],0,1073841805739749377,0,5c14acc671cf94159b02ce43,"<a href=""http://twitter.com/download/android"" rel=""nofollow"">Twitter for Android</a>",0
0,Manoj Nayak,2018-12-15 07:26:53,"RT @mla_sudhakar: The veteran leader, Shri @ashokgehlot51 has been elected as the Chief Minister of Rajasthan. Wishing him the best as he e‚Ä¶",kiccha_manu653,[],0,1073841810382835715,0,5c14acc771cf94159b02ce45,"<a href=""http://twitter.com/download/android"" rel=""nofollow"">Twitter for Android</a>",0
0,Phanikumar,2018-12-15 11:50:41,RT @KanchanGupta: Yogi had a 69% strike rate: 74 rallies in #AssemblyElections2018 with 51 wins for BJP. Strike rate would be higher if you‚Ä¶,Phaniku12712886,"[{u'indices': [60, 82], u'text': u'AssemblyElections2018'}]",0,1073908199613435904,0,5c14eaa071cf9410d12dc2d2,"<a href=""https://mobile.twitter.com"" rel=""nofollow"">Twitter Lite</a>",0
0,Sanjay,2018-12-15 11:50:41,Hartley CONGRATULATIONS sir victory maker of Rajasthan @SachinPilot https://t.co/zKVIg5tRgQ,Sanjay44302683,[],0,1073908199160336384,0,5c14eaa071cf9410d12dc2d4,"<a href=""http://twitter.com/download/android"" rel=""nofollow"">Twitter for Android</a>",0
0,Jai Bajrang Bali,2018-12-15 11:50:42,"RT @sri9011: In 2004, BJP had just 3 states of MP, Rajasthan and Chattisgarh apart from Gujarat and there was misplaced optimism that BJP w‚Ä¶",sarangthacker,[],0,1073908200985059328,0,5c14eaa071cf9410d12dc2d6,"<a href=""http://twitter.com/download/android"" rel=""nofollow"">Twitter for Android</a>",0
0,Sammy S üáÆüá≥,2018-12-15 11:50:46,RT @KanchanGupta: Yogi had a 69% strike rate: 74 rallies in #AssemblyElections2018 with 51 wins for BJP. Strike rate would be higher if you‚Ä¶,Atheistsammy,"[{u'indices': [60, 82], u'text': u'AssemblyElections2018'}]",0,1073908217749549058,0,5c14eaa471cf9410d12dc2d8,"<a href=""http://twitter.com/download/android"" rel=""nofollow"">Twitter for Android</a>",0
0,RINKU KUMAR YADAV,2018-12-15 11:50:46,RT @RGGupta9: https://t.co/QKTA5nYITp,Rikkuyadav,[],0,1073908219398029312,0,5c14eaa471cf9410d12dc2da,"<a href=""http://twitter.com/download/android"" rel=""nofollow"">Twitter for Android</a>",0
0,Ajaat JamwalüáÆüá≥,2018-12-15 11:50:47,RT @vijayvaani: Dear @RahulGandhi congratulations on resolving Rajasthan leadership issue. Now please tell us if @SachinPilot is going to p‚Ä¶,SaveSabrimala,[],0,1073908224724738048,0,5c14eaa671cf9410d12dc2dc,"<a href=""http://twitter.com/download/android"" rel=""nofollow"">Twitter for Android</a>",0
0,bharat,2018-12-15 11:50:48,RT @mjakbar: Someone asked a good question. If experience is essential in Rajasthan and MP why is it not necessary for Congress President j‚Ä¶,bobviba,[],0,1073908226284896256,0,5c14eaa671cf9410d12dc2de,"<a href=""https://mobile.twitter.com"" rel=""nofollow"">Twitter Lite</a>",0
